{"volumes":{"masterVolume":-24.3902416,"sfxVolume":-13.6890268,"bgmVolume":-4.573171}}