{"volumes":{"masterVolume":-31.6251812,"sfxVolume":-27.8184471,"bgmVolume":-33.6163979}}