{"volumes":{"masterVolume":-13.6890268,"sfxVolume":-11.5548782,"bgmVolume":-31.0670719}}